CREATE DATABASE  IF NOT EXISTS `spotify2` /*!40100 DEFAULT CHARACTER SET utf8mb4 COLLATE utf8mb4_0900_ai_ci */ /*!80016 DEFAULT ENCRYPTION='N' */;
USE `spotify2`;
-- MySQL dump 10.13  Distrib 8.0.41, for macos15 (x86_64)
--
-- Host: 127.0.0.1    Database: spotify2
-- ------------------------------------------------------
-- Server version	9.2.0

/*!40101 SET @OLD_CHARACTER_SET_CLIENT=@@CHARACTER_SET_CLIENT */;
/*!40101 SET @OLD_CHARACTER_SET_RESULTS=@@CHARACTER_SET_RESULTS */;
/*!40101 SET @OLD_COLLATION_CONNECTION=@@COLLATION_CONNECTION */;
/*!50503 SET NAMES utf8 */;
/*!40103 SET @OLD_TIME_ZONE=@@TIME_ZONE */;
/*!40103 SET TIME_ZONE='+00:00' */;
/*!40014 SET @OLD_UNIQUE_CHECKS=@@UNIQUE_CHECKS, UNIQUE_CHECKS=0 */;
/*!40014 SET @OLD_FOREIGN_KEY_CHECKS=@@FOREIGN_KEY_CHECKS, FOREIGN_KEY_CHECKS=0 */;
/*!40101 SET @OLD_SQL_MODE=@@SQL_MODE, SQL_MODE='NO_AUTO_VALUE_ON_ZERO' */;
/*!40111 SET @OLD_SQL_NOTES=@@SQL_NOTES, SQL_NOTES=0 */;

-- ARTISTS:
-- Table structure for table `artists`
DROP TABLE IF EXISTS `artists`;
/*!40101 SET @saved_cs_client     = @@character_set_client */;
/*!50503 SET character_set_client = utf8mb4 */;
CREATE TABLE artists (
  ArtistID INT NOT NULL,
  ArtistStageName VARCHAR(100),
  ArtistFollowers INT,
  PRIMARY KEY (ArtistID)
) ENGINE=InnoDB DEFAULT CHARSET=utf8mb4 COLLATE=utf8mb4_0900_ai_ci;
/*!40101 SET character_set_client = @saved_cs_client */;
-- Dumping data for table `artists`
INSERT INTO `artists` VALUES (1,'Seafret',10883253),(2,'Olivia Rodrigo',47287246),(3,'Conan Gray',24721863),(4,'JP Saxe',6836405),(5,'Ashe',9005933),(6,'Harry Styles',45999711),(7,'New West',11215751),(8,'Gracie Abrams',50561013),(9,'Ricky Montgomery',9739916),(10,'Ruth B.',18707235),(11,'One Direction',43637704),(12,'PUBLIC',2268377),(13,'Kodaline',7848873),(14,'Julia Michaels',16908200),(15,'Madison Beer',13524049),(16,'Jeremy Zucker',6528499),(17,'Billie Eilish',100000000),(18,'Lord Huron',28900219),(19,'FINNEAS',7690735),(20,'Vancouver Sleep Clinic',3201710),(21,'James Arthur',34151772),(22,'Noah Cyrus',14579655),(23,'girl in red',13159257),(24,'Bruno Major',4089825),(25,'Coyote Theory',3711681),(26,'Sasha Alex Sloan',8914381),(27,'Bruno Mars',134000000),(28,'Alec Benjamin',12635250),(29,'Chord Overstreet',4997530),(30,'Rex Orange County',14937175),(31,'Stephan Dawes',1646161),(32,'Arrows In Action',576300),(33,'Letdown.',818800),(34,'Artist Vs Poet',254900),(35,'Negative 25',187100),(36,'Bohnes',1500000),(37,'Set it Off',2900000),(38,'Honey Revenge',517700),(39,'Blame My Youth',113100),(40,'Arrested Youth',1100000),(41,'VOILA',3100000),(42,'Point North',1000000),(43,'Hot Milk',549200),(44,'Daisy Grenade',124700),(45,'Beauty School Dropout',320500),(46,'New Medicine',1500000),(47,'Christian Gates',2000000),(48,'Paramore',27300000),(49,'CARR',89600),(50,'AS IT IS',298300),(51,'Mitchel Dae',433000),(52,'Clairo',17559689),(53,'SZA',85326747),(54,'BETWEEN FRIENDS',2146259),(55,'Remi Wolf',4185257),(56,'Lorde',20550597),(57,'Omar Apollo',7943812),(58,'Dominic Fike',22950336),(59,'BENEE',4819345),(60,'Charli xcx',31156041),(61,'The Neighbourhood',40501634),(62,'Sarah Kinsley',762820),(63,'The Japanese House',2363213),(64,'The Marías',31039026),(65,'Sabrina Carpenter',65630001),(66,'Shelly',1791612),(67,'Rachel Chinouriri',4666809),(68,'beabadoobee',22901575),(69,'Caroline Polachek',2274682),(70,'Chappell Roan',46983196),(71,'Djo',21394738),(72,'ROLE MODEL',6179399),(73,'Del Water Gap',2542105),(74,'THE DRIVER ERA',1267787),(75,'Taylor Swift',81630241),(76,'Kali Uchis',37704753),(77,'Dreamer Isioma',885079),(78,'Wallows',9232309),(79,'Ayra Star',17),(80,'Omah Lay',9),(81,'SPINALL',1),(82,'1da Banton',4),(83,'Victony',6),(84,'Ckay',8),(85,'Davido',8),(86,'Bayanni',2),(87,'Burna Boy',19),(88,'JZyNo',564),(89,'Rema',21),(90,'Nico & Vinz',5),(91,'Kizz Daniel',3),(92,'Fireboy DML',7),(93,'Melvitto',2),(94,'Oxlade',4),(95,'Tems',16),(96,'Pheelz',2),(97,'Asake',6),(98,'Olamide',4),(99,'Libianca',6),(100,'Sarz',3),(101,'Chop Daily',1),(102,'Frank Ocean',18394562),(103,'A$AP Rocky',16323227),(104,'The Weekend',102600000),(105,'Childish Gambino',14000000),(106,'Brent Faiyaz',7153478),(107,'Blood Orange',1117950),(108,'Lil Yachty',10624897),(109,'Rihanna',66300000),(110,'JMSN',274955),(111,'Tyler, The Creator',21270000),(112,'KAYTRANADA',1700000),(113,'Jhené Aiko',9100000),(114,'Flo Milli',1340000),(115,'A$AP Ferg',11500000),(116,'Kanye West',29500000),(117,'Sam Austins',45064),(118,'Drake',97600000),(119,'Cassie',8692704),(120,'Kendrick Lamar',39700000),(121,'Beach House',2572853);

-- MEMBERS:
-- Table structure for table `members`
DROP TABLE IF EXISTS `members`;
/*!40101 SET @saved_cs_client     = @@character_set_client */;
/*!50503 SET character_set_client = utf8mb4 */;
CREATE TABLE members (
  MemberID INT NOT NULL,
  MemberName VARCHAR(100),
  PRIMARY KEY (MemberID)
) ENGINE=InnoDB DEFAULT CHARSET=utf8mb4 COLLATE=utf8mb4_0900_ai_ci;
/*!40101 SET character_set_client = @saved_cs_client */;
-- Dumping data for table `members`
INSERT INTO `members` VALUES (1,'Anika\r'),(2,'Zoe\r'),(3,'Kayla\r'),(4,'Arjun\r'),(5,'Aryana');

-- ALBUMS:
-- Table structure for table `albums`
DROP TABLE IF EXISTS `albums`;
/*!40101 SET @saved_cs_client     = @@character_set_client */;
/*!50503 SET character_set_client = utf8mb4 */;
CREATE TABLE albums (
  AlbumID INT NOT NULL,
  ArtistID INT,
  AlbumName VARCHAR(100),
  AlbumReleaseDate DATE,
  PRIMARY KEY (AlbumID),
  FOREIGN KEY (ArtistID) REFERENCES artists(ArtistID)
) ENGINE=InnoDB DEFAULT CHARSET=utf8mb4 COLLATE=utf8mb4_0900_ai_ci;
/*!40101 SET character_set_client = @saved_cs_client */;
-- Dumping data for table `albums`
INSERT INTO `albums` VALUES (1,1,'Tell Me It\'s Real (Expanded Edition)','2016-01-29'),(2,2,'All I Want (From \"High School Musical\")','2019-11-27'),(3,3,'Superache','2022-06-24'),(4,4,'Hold It Together (Deluxe)','2021-03-23'),(5,5,'Ashlyn','2021-05-07'),(6,6,'Fine Line','2019-12-13'),(7,7,'Based On A True Story','2023-10-20'),(8,8,'minor','2020-07-14'),(9,2,'SOUR','2021-05-21'),(10,9,'Montgomery Ricky','2016-04-08'),(11,10,'Safe Haven','2017-05-05'),(12,11,'FOUR (Deluxe)','2014-11-17'),(13,12,'Make You Mine','2019-08-09'),(14,13,'In A Perfect World (Expanded Edition)','2013-06-17'),(15,14,'Inner Monologue Part 1','2019-01-24'),(16,15,'Silence Between Songs','2023-09-15'),(17,16,'brent','2019-05-03'),(18,17,'dont smile at me (Expanded Edition)','2017-08-11'),(19,18,'Strange Trails','2015-04-06'),(20,17,'Ocean Eyes','2016-11-18'),(21,19,'Blood Harmony (Deluxe)','2020-08-07'),(22,20,'Revival','2017-04-07'),(23,21,'YOU','2019-10-18'),(24,17,'Bored','2017-03-30'),(25,22,'THE END OF EVERYTHING','2020-05-15'),(26,23,'we fell in love in october / October Passed Me By','2018-11-21'),(27,24,'To Let A Good Thing Die','2020-06-05'),(28,25,'Color','2020-12-11'),(29,26,'Dancing With Your Ghost','2019-06-28'),(30,17,'Happier Than Ever','2021-07-30'),(31,3,'Kid Krow','2020-03-20'),(32,21,'Back from the Edge','2016-10-28'),(33,27,'Doo-Wops & Hooligans','2010-05-11'),(34,11,'Midnight Memories (Deluxe)','2013-11-25'),(35,28,'Narrated For You','2018-11-16'),(36,29,'Hold On','2017-02-03'),(37,30,'Best Friend','2017-01-25'),(38,31,'Teenage Dream','2022-06-02'),(39,17,'Guitar Songs','2022-07-21'),(40,32,'Cheekbones','2024-10-23'),(41,33,'Be OK','2024-11-15'),(42,34,'Medicine','2014-12-16'),(43,35,'XOXON25','2024-07-19'),(44,36,'Detonate','2024-11-06'),(45,37,'Fake Ass Friends','2024-03-01'),(46,38,'Retrosvision','2023-06-23'),(47,32,'Built To Last','2023-05-26'),(48,39,'Dance With My Demons','2020-11-13'),(49,40,'Brightside','2020-03-13'),(50,32,'Be More.','2021-10-01'),(51,36,'206: Act II','2018-11-23'),(52,37,'Midnight','2019-02-01'),(53,37,'Punching Bag','2023-03-24'),(54,41,'Glass Half Empty','2024-06-21'),(55,32,'Cold','2024-03-08'),(56,37,'Evil People','2023-10-27'),(57,41,'Happy Never After','2022-10-07'),(58,42,'Below The Belt','2023-10-13'),(59,37,'Win Win','2023-05-05'),(60,43,'A Call To The Void','2023-08-25'),(61,37,'Parasite','2023-08-12'),(62,44,'Cult Classic','2023-06-23'),(63,45,'WE MADE PLANS & GOD LAUGHED','2022-08-18'),(64,46,'Breaking the Model','2014-08-25'),(65,47,'No Strings Attached','2024-11-01'),(66,48,'Riot!','2007-06-12'),(67,41,'Long Story Short','2020-05-22'),(68,49,'Poor Boy','2021-01-14'),(69,49,'The Carr Show','2023-10-06'),(70,50,'I WENT TO HELL AND BACK','2022-02-04'),(71,51,'Psychosis','2022-10-14'),(72,52,'4EVER','2018-04-27'),(73,53,'Ctrl','2017-06-09'),(74,54,'I Love My Girl, She\'s My Boy','2023-08-25'),(75,55,'We Love Dogs!','2021-05-05'),(76,56,'Melodrama','2017-06-16'),(77,57,'Apolonio','2020-10-16'),(78,53,'SOS','2022-12-09'),(79,52,'Immunity','2019-08-02'),(80,58,'What Could Possibly Go Wrong','2020-07-31'),(81,54,'we just need some time together','2019-04-05'),(82,55,'Juno','2021-10-15'),(83,59,'FIRE ON MARZZ','2019-06-28'),(84,60,'CRASH','2022-03-18'),(85,53,'SOS Deluxe:LANA','2024-12-20'),(86,55,'I\'m Allergic To Dogs!','2020-06-24'),(87,61,'Chip Chrome & The Mono-Tones (Deluxe)','2020-12-11'),(88,56,'The Love Club EP','2013-03-08'),(89,62,'The King','2021-06-04'),(90,63,'In the End It Always Does','2023-06-30'),(91,64,'Hush (Still Woozy Remix)','2021-09-15'),(92,65,'emails i can\'t send','2022-07-15'),(93,66,'Shelly','2020-10-29'),(94,67,'What A Devastating Turn of Events','2024-04-03'),(95,68,'Patched up','2018-12-07'),(96,65,'Short n\' Sweet','2024-08-23'),(97,69,'Pang','2019-10-18'),(98,63,'Saw You In A Dream','2017-06-30'),(99,70,'The Rise and Fall of a Midwest Princess','2023-09-22'),(100,71,'DECIDE','2022-09-16'),(101,72,'our little angel -EP','2020-10-21'),(102,73,'Del Water Gap','2021-10-08'),(103,68,'Our Extended Play','2021-06-23'),(104,74,'Girlfriend','2021-10-15'),(105,56,'Pure Heroine','2013-01-01'),(106,52,'Sling','2021-07-16'),(107,75,'Lover','2019-08-23'),(108,76,'Isolation','2018-04-06'),(109,77,'Sensitive','2020-01-29'),(110,52,'Charm','2024-07-12'),(111,64,'CINEMA','2021-06-25'),(112,78,'Nothing Happens','2019-03-22'),(113,79,'19 & Dangerous (Deluxe)','2022-10-21'),(114,80,'Boy Alone','2022-07-14'),(115,81,'Sere','2020-12-04'),(116,82,'Original Vibe Machine','2021-07-23'),(117,83,'Soweto (with Don Toliver)','2023-03-21'),(118,84,'Sad Romance','2022-09-23'),(119,85,'Timeless','2024-06-07'),(120,79,'The Year I turned 21','2024-05-31'),(121,80,'Holy Ghost','2023-11-09'),(122,86,'Bayanni','2025-03-28'),(123,82,'No Wahala (Remix','2022-03-02'),(124,87,'Outlaw','2023-06-16'),(125,109,'Black Panther: Wakanda Forever ','2022-11-04'),(126,88,'Butta My Bread','2023-04-07'),(127,89,'Calm Down','2022-02-11'),(128,90,'Black Star Elephant','2014-10-14'),(129,91,'Maverick','2021-11-01'),(130,87,'I Told Them…','2023-08-25'),(131,92,'Playboy','2022-08-05'),(132,80,'Boy Alone (Deluxe)','2023-06-15'),(133,89,'Rave & Roses Ultra','2023-04-28'),(134,93,'THENIGHTYOUNG','2019-02-22'),(135,86,'Ta Ta Ta (with Jason Derulo)','2023-04-14'),(136,94,'KU LO SA - A COLORS SHOW','2022-06-10'),(137,79,'Stability','2023-04-29'),(138,80,'Moving','2024-08-22'),(139,95,'Me & U','2023-10-05'),(140,87,'Bundle By Bundle','2024-12-17'),(141,122,'Soundgasm','2022-02-11'),(142,96,'Finesse','2022-03-03'),(143,94,'OFA (Oxlade From Africa)','2024-09-20'),(144,97,'Work Of Art','2023-06-15'),(145,98,'Carpe Diem','2020-10-07'),(146,99,'People','2022-12-06'),(147,100,'Happiness','2023-12-07'),(148,122,'Rema','2019-03-22'),(149,97,'Lungu Boy','2024-08-08'),(150,95,'Stubborn','2024-06-21'),(151,99,'People (with Becky G) [Remixes]','2023-04-21'),(152,101,'Yanna','2021-07-23'),(153,102,'channel ORANGE','2012-07-10'),(154,103,'LONG.LIVE.A$AP (Deluxe Version)','2013-01-15'),(155,104,'House of Balloons (Original)','2011-03-21'),(156,105,'Camp','2011-11-15'),(157,106,'WASTELAND','2022-07-08'),(158,107,'Coastal Grooves','2011-08-08'),(159,103,'Sundress','2018-08-12'),(160,102,'Novacane','2011-05-31'),(161,108,'Let\'s Start Here.','2023-01-27'),(162,103,'Dawn','2021-09-10'),(163,105,'Because the Internet','2013-12-10'),(164,109,'ANTI (Deluxe)','2016-01-28'),(165,110,'JMSN','2014-12-09'),(166,106,'Larger Than Life','2023-10-27'),(167,111,'Goblin','2011-05-10'),(168,112,'TIMELESS','2016-10-28'),(169,113,'Sail Out','2013-11-12'),(170,114,'Fine Ho, Stay','2023-10-12'),(171,102,'Blonde','2016-08-20'),(172,103,'I Smoked Away My Brain','2022-10-25'),(173,103,'Floor Seats','2019-08-16'),(174,112,'99.9%','2016-05-06'),(175,116,'Graduation','2007-09-11'),(176,102,'Swim Good','2011-08-16'),(177,103,'HIGHJACK','2012-07-10'),(178,117,'Seasons','2019-04-05'),(179,118,'Thank Me Later','2010-06-15'),(180,119,'Cassie (U.S. Version)','2006-08-08'),(181,116,'VULTURES 1','2024-02-10'),(182,107,'Swan','2023-07-21'),(183,118,'So Far Gone','2009-09-15'),(184,120,'Black Panther: The Album','2018-02-09'),(185,121,'Beach House','2006-10-03'),(186,106,'Fuck The World','2020-02-07'),(187,112,'Intimidated','2021-11-12'),(188,120,'To Pimp A Butterfly','2015-03-15');

-- SONGS:
-- Table structure for table `songs`
DROP TABLE IF EXISTS `songs`;
/*!40101 SET @saved_cs_client     = @@character_set_client */;
/*!50503 SET character_set_client = utf8mb4 */;
CREATE TABLE songs (
  SongID INT NOT NULL,
  AlbumID INT,
  ArtistID INT,
  SongName VARCHAR(255),
  SongDuration VARCHAR(10),
  SongGenre VARCHAR(100),
  PRIMARY KEY (SongID),
  FOREIGN KEY (AlbumID) REFERENCES albums(AlbumID),
  FOREIGN KEY (ArtistID) REFERENCES artists(ArtistID)
) ENGINE=InnoDB DEFAULT CHARSET=utf8mb4 COLLATE=utf8mb4_0900_ai_ci;
/*!40101 SET character_set_client = @saved_cs_client */;
-- Dumping data for table `songs`
INSERT INTO `songs` VALUES (1,'1',1,'Atlantis','3:49','folk-pop'),(2,'2',2,'All I Want - From \"High School Musical: The Musical: The Series\"','2:57','pop'),(3,'3',3,'Memories','4:09','pop'),(4,'4',4,'If the World Was Ending','3:29','alt z'),(5,'5',5,'Moral of the Story','3:21','alt z'),(6,'6',6,'Falling','4:00','pop'),(7,'7',7,'Those Eyes','3:41','toronto indie'),(8,'8',8,'I miss you, I\'m sorry','2:48','alt z'),(9,'9',2,'traitor','3:49','pop'),(10,'10',9,'Line Without a Hook','4:10','pop'),(11,'11',10,'Dandelions','3:54','pop'),(12,'12',11,'18','4:08','pop'),(13,'13',12,'Make You Mine','3:53','indie rockism'),(14,'14',13,'All I Want','5:06','modern rock'),(15,'15',14,'What A Time (feat. Niall Horan)','2:53','pop'),(16,'9',2,'happier','2:56','pop'),(17,'3',3,'Astronomy','4:04','pop'),(18,'16',15,'Reckless','3:23','pop'),(19,'17',16,'you were good to me','3:39','alt z'),(20,'18',17,'watch','2:58','pop'),(21,'6',6,'Fine Line','6:18','pop'),(22,'10',10,'Mr. Loverman','3:37','pop'),(23,'9',2,'favorite crime','2:33','pop'),(24,'19',18,'The Night We Met','3:28','indie folk'),(25,'20',17,'ocean eyes','3:21','pop'),(26,'21',19,'Break My Heart Again','3:58','pop'),(27,'22',20,'Someone To Stay','4:14','vapor pop'),(28,'5',5,'Till Forever Falls Apart','3:43','alt z'),(29,'23',21,'Car\'s Outside','4:08','pop'),(30,'24',17,'Bored','3:01','pop'),(31,'25',22,'July','2:36','pop'),(32,'26',23,'we fell in love in october','3:04','indie pop'),(33,'27',24,'Nothing','2:43','pop'),(34,'28',25,'This Side of Paradise','4:02','indie'),(35,'29',26,'Dancing With Your Ghost','3:18','alt z'),(36,'30',17,'Happier Than Ever','4:59','pop'),(37,'31',3,'Maniac','3:06','pop'),(38,'32',21,'Can I Be Him','4:07','pop'),(39,'33',27,'Talking to the Moon','3:38','pop'),(40,'9',2,'drivers license','4:02','pop'),(41,'34',11,'Right Now','3:20','pop'),(42,'35',28,'If We Have Each Other','3:02','pop'),(43,'18',17,'idontwannabeyouanymore','3:24','pop'),(44,'36',29,'Hold On','3:19','pop'),(45,'37',30,'Best Friend','4:22','bedroom pop'),(46,'38',31,'Teenage Dream','2:58','singer-songwriter pop'),(47,'9',2,'enough for you ','3:23','pop'),(48,'34',11,'You & I','3:58','pop'),(49,'32',21,'Train Wreck','3:29','uk pop'),(50,'39',17,'TV','4:41','pop'),(51,'40',32,'Cheekbones','2:49','pop punk'),(52,'41',33,'Go to Hell','3:00','dark r&b'),(53,'42',34,'Fresh','3:00','pop punk'),(54,'43',35,'so what I lied','3:26','indie pop'),(55,'44',36,'Vicious','3:26','dark r&b'),(56,'45',37,'Fake Ass Friends','2:17','emo'),(57,'46',38,'Airhead','2:43','pop punk'),(58,'47',32,'Over it','2:37','pop punk'),(59,'48',39,'Dance With My Demons','3:49','modern alternative rock'),(60,'49',39,'Brightside','3:04','modern alternative rock'),(61,'43',35,'Sad Boy Summer','2:34','indie'),(62,'50',32,'All The Ways I Could Die','3:21','pop punk'),(63,'46',38,'Are You Impressed?','3:07','pop punk'),(64,'51',36,'Don\'t Sing the Blues','3:16','dark r&b'),(65,'43',35,'Brutal','3:01','indie rock'),(66,'52',37,'Lonely Dance','3:10','emo'),(67,'47',32,'High','2:55','pop punk'),(68,'46',38,'Rerun','2:33','pop punk'),(69,'43',35,'LIGHTS OFF','2:47','indie'),(70,'53',37,'Punching Bag','2:58','emo'),(71,'44',36,'Sweet Dream','3:26','dark r&b'),(72,'54',41,'Dead To Me','2:37','singer-songwriter pop'),(73,'46',38,'Distracted','3:20','pop punk'),(74,'43',35,'Afterlife?!','2:32','indie'),(75,'55',32,'Cold','2:30','pop punk'),(76,'56',37,'Evil People','3:23','emo'),(77,'44',36,'Holy Smokes','3:13','dark r&b'),(78,'57',41,'Drinking With Cupid','2:52','singer-songwriter pop'),(79,'46',38,'Recipe For Disaster','2:45','pop punk'),(80,'50',32,'Endeavor','3:08','pop punk'),(81,'58',42,'Below The Belt','3:11','pop punk'),(82,'59',37,'Win Win','2:46','emo'),(83,'42',34,'Medicine','2:46','pop punk'),(84,'54',41,'We Could Be The Future','3:00','emo pop'),(85,'60',43,'Candy Coated Lies','2:57','pop punk'),(86,'50',32,'Uncomfortably Numb','3:17','pop punk'),(87,'43',35,'OVER AGAIN','3:06','indie'),(88,'61',37,'Parasite','2:44','emo'),(89,'62',44,'Riot','2:17','pop punk'),(90,'57',41,'Cursive','2:55','pop punk'),(91,'63',45,'SEE YOU IN HELL','3:27','dark r&b'),(92,'64',46,'Boy Like Me','3:40','post grunge'),(93,'65',47,'LIAR LIAR','1:50','singer-songwriter pop'),(94,'66',48,'Fences','3:18','pop punk'),(95,'67',41,'Figure You Out','2:43','singer-songwriter pop'),(96,'68',49,'Poor Boy','2:44','indie pop'),(97,'62',44,'Got it Bad','2:58','pop punk'),(98,'69',49,'Doctor Doctor','2:45','indie pop'),(99,'70',50,'IN THREES','3:05','pop punk'),(100,'71',51,'Psychosis','2:25','dark r&b'),(101,'72',52,'4EVER','2:40','bedroom pop'),(102,'73',53,'Prom','3:16','r&b'),(103,'74',54,'Bruise','2:59','indie pop'),(104,'75',55,'Photo ID (with Dominic Fike)','3:30','alternative pop rock'),(105,'76',56,'Supercut','4:38','pop'),(106,'77',57,'Useless','3:04','bedroom pop'),(107,'78',53,'F2F','3:05','r&b'),(108,'79',52,'Softly','3:05','bedroom pop'),(109,'80',58,'Why','2:20','alternative pop rock'),(110,'81',54,'Affection','3:55','indie pop'),(111,'82',55,'Sexy Villain','3:09','modern alternative pop'),(112,'83',59,'Wishful Thinking','3:33','nz pop'),(113,'84',60,'Yuck','2:19','hyper pop'),(114,'85',53,'Scorsese Baby Daddy','2:34','r&b'),(115,'79',52,'Bags','4:21','bedroom pop'),(116,'86',55,'Disco Man','3:12','modern alternative pop'),(117,'81',54,'iloveyou','2:46','indie pop'),(118,'87',61,'Stargazing','3:37','modern alternative rock'),(119,'88',56,'The Love Club','3:21','pop'),(120,'89',62,'The King','3:26','indie pop'),(121,'90',63,'Touching Yourself','3:02','indie pop'),(122,'91',64,'Hush - Still Woozy Remix','3:02','bedroom pop'),(123,'92',65,'Fast Times','2:55','pop'),(124,'78',53,'Ghost in the Machine ( feat. Phoebe Bridgers)','3:39','r&b'),(125,'93',66,'Steeeam','2:51','lo-fi indie'),(126,'80',58,'Vampire','3:06','alternative pop rock'),(127,'76',56,'Perfect Places ','3:42',' pop'),(128,'94',67,'All I Ever Asked ','3:38','uk pop'),(129,'95',68,'If You Want To','3:44','indie pop'),(130,'73',53,'Drew Barrymore','3:51','r&b'),(131,'96',65,'Don\'t Smile','3:26','pop'),(132,'97',69,'So Hot You\'re Hurting My Feelings ','3:04','art pop'),(133,'98',63,'Saw You In A Dream ','3:28','modern dream pop'),(134,'99',70,'Naked In Manhattan ','3:31','indie pop'),(135,'100',71,'Change','2:58','psychedelic pop'),(136,'101',72,'blind','2:33','bedroom pop'),(137,'92',65,'Read your Mind','3:28','pop'),(138,'102',73,'Ode to Conversation Stuck in Your Throat','3:19','indie pop'),(139,'103',68,'Cologne','2:45','indie pop'),(140,'104',74,'A Kiss','4:32','modern alternative rock'),(141,'105',56,'Ribs ','4:19','pop'),(142,'106',52,'Amoeba','3:49','bedroom pop'),(143,'107',75,'False God','3:20','pop'),(144,'92',65,'bet u wanna ','3:11','pop'),(145,'99',70,'My Kink Is Karma','3:43','indie pop'),(146,'108',76,'Dead To Me','3:20','colombian pop'),(147,'109',77,'Sensitive ','2:55','alternative r&b'),(148,'110',52,'Sexy to Someone','3:28','bedroom pop'),(149,'111',64,'Calling U Back','3:20','bedroom pop'),(150,'112',78,'Are You Bored Yet? (feat. Clario)','2:58','bedroom pop'),(151,'113',79,'Rush','3:05','Pop'),(152,'114',80,'soso','3:03','Afrobeats'),(153,'115',81,'Sere','3:05','Afrobeats'),(154,'116',82,'No Wahala','2:42','Afrobeats'),(155,'117',83,'Soweto (with Don Toliver)','3:40','Afrobeats'),(156,'118',84,'Emiliana','2:47','Afrobeats'),(157,'119',85,'UNAVAILABLE','2:50','Afrobeats'),(158,'120',79,'Commas','2:37','Afrobeats'),(159,'121',80,'Holy Ghost','3:06','Afrobeats'),(160,'122',86,'Ta Ta Ta','2:39','Afrobeats'),(161,'123',82,'No Wahala - Remix','2:58','Afrobeats'),(162,'124',87,'Soweto','2:28','Afrobeats'),(163,'125',109,'Alone','3:42','Afrobeats'),(164,'126',88,'Butta My Bread','2:29','Afrobeats'),(165,'120',79,'Bad Vibes','2:48','Afrobeats'),(166,'114',80,'understand','2:55','Afrobeats'),(167,'127',89,'Calm Down','3:59','Afrobeats'),(168,'128',90,'Am I Wrong','4:06','Pop'),(169,'129',91,'Cough ','2:56','Afrobeats'),(170,'130',87,'City Boys','2:33','Afrobeats'),(171,'131',92,'Bandana','2:58','Afrobeats'),(172,'120',79,'Last Heartbreak Song','2:30','Afrobeats'),(173,'132',80,'reason','2:27','Afrobeats'),(174,'133',89,'Charm','3:25','Afrobeats'),(175,'119',85,'KANTE','3:14','Afrobeats'),(176,'134',93,'In Fact','3:45','Afrobeats'),(177,'135',86,'Ta Ta Ta (with Jason Derulo)','2:40','Afrobeats'),(178,'136',94,'KU LO SA - A COLORS SHOW','2:28','Afrobeats'),(179,'137',79,'Stability','2:47','Afrobeats'),(180,'138',80,'Moving','2:20','Afrobeats'),(181,'139',95,'Me & U','3:13','Afrobeats'),(182,'140',87,'Bundle By Bundle','2:56','Afrobeats'),(183,'141',122,'Soundgasm','3:25','Afrobeats'),(184,'142',96,'Finesse','2:35','Afrobeats'),(185,'143',94,'KU LO SA','2:29','Afrobeats'),(186,'113',79,'Bloody Samaritan','3:07','Afrobeats'),(187,'114',80,'I\'m a mess','2:34','Afrobeats'),(188,'144',97,'Lonely At The Top','2:38','Afrobeats'),(189,'145',98,'Infinity','2:52','Afrobeats'),(190,'146',99,'People','3:04','Afrobeats'),(191,'130',87,'Tested, Approved & Trusted','3:40','Afrobeats'),(192,'147',100,'Happiness','2:55','Afrobeats'),(193,'120',79,'Rhythm & Blues','2:23','Afrobeats'),(194,'148',122,'Dumebi','3:00','Afrobeats'),(195,'149',97,'Wave','3:25','Afrobeats'),(196,'150',95,'Everything','2:46','Afrobeats'),(197,'151',99,'People (with Becky G)','3:22','Afrobeats'),(198,'119',85,'FEEL','2:35','Afrobeats'),(199,'152',101,'Yanna','2:13','Afrobeats'),(201,'153',102,'Pyramids','9:53','Alt R&B'),(202,'154',103,'Fashion Killa','3:56','Hip-Hop'),(203,'155',104,'The Morning','5:14','Alt R&B'),(204,'156',105,'Les','5:17','Hip-Hop'),(205,'157',106,'ROLE MODEL','3:14','Hip-Hop'),(206,'158',107,'Champagne Coast','4:52','Electronic'),(207,'159',103,'Sundress','2:38','Psychedelic Soul'),(208,'160',102,'Novacane','5:02','Alt R&B'),(209,'155',104,'The Party & The After Party','7:40','Alt R&B'),(210,'161',108,'drive ME crazy!','3:50','Pop Rap'),(211,'162',103,'Far Away (feat. A$AP Rocky)','3:19','R&B'),(212,'163',105,'3005','3:54','Hip-Hop'),(213,'164',109,'Same Ol\' Mistakes ','6:37','Psychedelic Pop'),(214,'165',110,'Bout It','6:34','R&B'),(215,'153',102,'Super Rich Kids','5:05','Neo-soul'),(216,'166',106,'Best Time','1:23','Funk Pop'),(217,'167',111,'She','4:13','Alt Hip-Hop'),(218,'168',112,'Witchy (feat. Childish Gambino)','3:47','Alt R&B'),(219,'169',113,'Stay Ready (What A Life)','6:23','Neo-soul'),(220,'170',114,'Never Lose Me','2:06','Hip-Hop'),(221,'171',102,'Pink + White','3:05','Alt R&B'),(222,'172',103,'I Smoked Away My Brain ','3:10','Lo-fi'),(223,'173',103,'Dreams, Fairytales, Fantasies ','3:43','R&B'),(224,'174',112,'YOU\'RE THE ONE (feat. Syd)','3:48','Alt R&B'),(225,'175',116,'Flashing Lights','3:58','Electro-pop'),(226,'176',102,'Swim Good','4:17','Alt R&B'),(227,'177',103,'HIGHJACK','3:10','Electronic'),(229,'178',117,'Seasons','2:38','Indie Rock'),(230,'179',118,'Fancy ','5:19','Electro-pop'),(231,'168',112,'Snap My Finger (feat. PinkPanthress) ','3:21','Hyperpop'),(232,'180',119,'Long Way 2 Go','3:41','R&B'),(233,'171',102,'Nights ','5:07','Alt R&B'),(234,'78',53,'Low','3:01','Trap'),(235,'155',104,'House Of Balloons/Glass Table Girls','6:47','Trip-Hop'),(236,'166',106,'Forever Yours','1:36','Alt R&B'),(237,'181',116,'BURN','1:51','Trap-Soul'),(238,'182',107,'Charcoal Baby','4:02','Art Pop'),(239,'183',118,'Little Bit (feat. Lykke Li)','3:50','Indie Pop'),(240,'153',102,'Thinkin Bout You ','3:21','Alt R&B'),(241,'73',53,'Doves In The Wind (feat. Kendrick Lamar)','4:26','R&B'),(242,'166',106,'Upset (feat. Tommy Richmand)','2:58','Neo-soul'),(243,'156',105,'Heartbeat ','4:30','Alt Hip-Hop'),(244,'184',120,'All The Stars (with SZA) ','3:52','Pop'),(245,'185',121,'Master of None ','3:19','Dream Pop'),(246,'153',102,'Sweet Life ','4:23','Neo-soul'),(247,'186',106,'Been Away ','3:44','Trap-Soul'),(248,'187',112,'Intimidated (feat. H.E.R.)','3:28','House'),(249,'188',120,'These Walls ','5:01','Jazz Rap');

-- STREAMS:
-- Table structure for table `streams`
DROP TABLE IF EXISTS `streams`;
/*!40101 SET @saved_cs_client     = @@character_set_client */;
/*!50503 SET character_set_client = utf8mb4 */;
CREATE TABLE streams (
  SongID INT NOT NULL,
  SongStreams INT,
  Top100Song INT,
  PRIMARY KEY (SongID),
  FOREIGN KEY (SongID) REFERENCES songs(SongID)
) ENGINE=InnoDB DEFAULT CHARSET=utf8mb4 COLLATE=utf8mb4_0900_ai_ci;
/*!40101 SET character_set_client = @saved_cs_client */;
-- Dumping data for table `streams`
INSERT INTO `streams` VALUES (1,1075775452,1),(2,931670924,0),(3,574862846,0),(4,1269270017,1),(5,916118613,0),(6,1374324380,1),(7,1069230064,1),(8,624442643,0),(9,1881130888,1),(10,720989395,0),(11,1946523253,1),(12,783879395,0),(13,607079929,0),(14,1259546097,1),(15,821773427,0),(16,1361522621,1),(17,365409020,0),(18,620397696,0),(19,605748367,0),(20,789515493,0),(21,599325562,0),(22,706640570,0),(23,1298374059,1),(24,2902477215,1),(25,1746892014,1),(26,308726236,0),(27,335919078,0),(28,396399839,0),(29,790254000,0),(30,1136673371,1),(31,1195301780,1),(32,1327976902,1),(33,430444431,0),(34,618759090,0),(35,672559370,0),(36,1550548650,1),(37,934620337,0),(38,861735207,0),(39,1711580558,1),(40,2460922037,1),(41,537508702,0),(42,513730462,0),(43,1223901595,1),(44,964983947,0),(45,737100503,0),(46,201290514,0),(47,539737777,0),(48,707848500,0),(49,916589517,0),(50,810672708,0),(51,4857265,0),(52,18964284,0),(53,18910881,0),(54,1927464,0),(55,18902472,0),(56,11149712,0),(57,21708243,0),(58,8055484,0),(59,2570882,0),(60,20553044,0),(61,3288236,0),(62,12299071,0),(63,4704824,0),(64,8752270,0),(65,4287541,0),(66,31065587,0),(67,3003390,0),(68,12169516,0),(69,437995,0),(70,29222624,0),(71,1124296,0),(72,2870111,0),(73,7767416,0),(74,5048145,0),(75,1354183,0),(76,8394686,0),(77,2635176,0),(78,42158839,0),(79,2662582,0),(80,5158577,0),(81,8610482,0),(82,10874978,0),(83,14396421,0),(84,1931018,0),(85,25670618,0),(86,22888868,0),(87,536712,0),(88,6632312,0),(89,2354492,0),(90,5044991,0),(91,2318635,0),(92,8274345,0),(93,803793,0),(94,62508245,0),(95,175898364,0),(96,2104734,0),(97,1210470,0),(98,163128,0),(99,7020803,0),(100,6531159,0),(101,342432267,0),(102,174020884,0),(103,22548890,0),(104,97011020,0),(105,344798498,0),(106,62669735,0),(107,1484449883,1),(108,163432827,0),(109,159062768,0),(110,219258517,0),(111,54048877,0),(112,60620956,0),(113,57555318,0),(114,72551345,0),(115,437371185,0),(116,78248474,0),(117,39500507,0),(118,269950263,0),(119,203663142,0),(120,54942699,0),(121,42964454,0),(122,47740118,0),(123,93495736,0),(124,240828685,0),(125,114645068,0),(126,77104759,0),(127,287036725,0),(128,55842364,0),(129,72925135,0),(130,383859929,0),(131,126618226,0),(132,127154957,0),(133,138504383,0),(134,164473662,0),(135,30799146,0),(136,132289854,0),(137,170521351,0),(138,151719903,0),(139,81910593,0),(140,66223258,0),(141,746110792,0),(142,197553836,0),(143,288013787,0),(144,56490339,0),(145,240180010,0),(146,541384727,0),(147,146019404,0),(148,108423306,0),(149,21774082,0),(150,1004834828,1),(151,455153654,0),(152,279152476,0),(153,70850502,0),(154,202155697,0),(155,194878648,0),(156,261796780,0),(157,196298595,0),(158,105483564,0),(159,130385705,0),(160,107237270,0),(161,48761902,0),(162,192379547,0),(163,169562083,0),(164,63518969,0),(165,46571133,0),(166,166538086,0),(167,1631644445,1),(168,1078312991,1),(169,118275736,0),(170,211608644,0),(171,158285009,0),(172,67995627,0),(173,107923961,0),(174,148419126,0),(175,91621872,0),(176,85845080,0),(177,33215871,0),(178,375137953,0),(179,54874018,0),(180,34474953,0),(181,169689057,0),(182,26364136,0),(183,177932524,0),(184,186282385,0),(185,375137953,0),(186,89362121,0),(187,94763318,0),(188,137642275,0),(189,158001305,0),(190,758065896,0),(191,67682792,0),(192,68618160,0),(193,34714858,0),(194,150681726,0),(195,53411287,0),(196,44036022,0),(197,19782118,0),(198,89486101,0),(199,50456815,0),(201,450986735,0),(202,378489278,0),(203,520240576,0),(204,721201977,0),(205,141726574,0),(206,245126931,0),(207,846341973,0),(208,776503514,0),(209,294393328,0),(210,160990720,0),(211,65288613,0),(212,941422151,0),(213,158827853,0),(214,19479058,0),(215,486545886,0),(216,345245181,0),(217,586524354,0),(218,44058000,0),(219,321921372,0),(220,62808042,0),(221,1756691974,1),(222,498198312,0),(223,410570425,0),(224,212637627,0),(225,1341015041,1),(226,215889606,0),(227,52011924,0),(228,49725630,0),(229,236886380,0),(230,25973661,0),(231,329799532,0),(232,842736478,0),(233,589614692,0),(234,459202319,0),(235,171214853,0),(236,223955885,0),(237,121151982,0),(238,110285147,0),(239,1280644924,1),(240,252356983,0),(241,168691196,0),(242,630038362,0),(243,2236715219,1),(244,174848050,0),(245,196719231,0),(246,347529303,0),(247,156709551,0),(248,174233036,0);


-- PLAYLISTS:
-- Table structure for table `playlists`
DROP TABLE IF EXISTS `playlists`;
/*!40101 SET @saved_cs_client     = @@character_set_client */;
/*!50503 SET character_set_client = utf8mb4 */;
CREATE TABLE playlists (
  MemberID INT,
  PlaylistName VARCHAR(255),
  SongID INT,
  AlbumID INT,
  FOREIGN KEY (MemberID) REFERENCES members(MemberID),
  FOREIGN KEY (SongID) REFERENCES songs(SongID),
  FOREIGN KEY (AlbumID) REFERENCES albums(AlbumID)
) ENGINE=InnoDB DEFAULT CHARSET=utf8mb4 COLLATE=utf8mb4_0900_ai_ci;
/*!40101 SET character_set_client = @saved_cs_client */;
-- Dumping data for table `playlists`
INSERT INTO `playlists` VALUES (1,'Sleepy Weepy Desiderium Thursday Evening',1,1),(1,'Sleepy Weepy Desiderium Thursday Evening',2,2),(1,'Sleepy Weepy Desiderium Thursday Evening',3,3),(1,'Sleepy Weepy Desiderium Thursday Evening',4,4),(1,'Sleepy Weepy Desiderium Thursday Evening',5,5),(1,'Sleepy Weepy Desiderium Thursday Evening',6,6),(1,'Sleepy Weepy Desiderium Thursday Evening',7,7),(1,'Sleepy Weepy Desiderium Thursday Evening',8,8),(1,'Sleepy Weepy Desiderium Thursday Evening',9,9),(1,'Sleepy Weepy Desiderium Thursday Evening',10,10),(1,'Sleepy Weepy Desiderium Thursday Evening',11,11),(1,'Sleepy Weepy Desiderium Thursday Evening',12,12),(1,'Sleepy Weepy Desiderium Thursday Evening',13,13),(1,'Sleepy Weepy Desiderium Thursday Evening',14,14),(1,'Sleepy Weepy Desiderium Thursday Evening',15,15),(1,'Sleepy Weepy Desiderium Thursday Evening',16,9),(1,'Sleepy Weepy Desiderium Thursday Evening',17,3),(1,'Sleepy Weepy Desiderium Thursday Evening',18,16),(1,'Sleepy Weepy Desiderium Thursday Evening',19,17),(1,'Sleepy Weepy Desiderium Thursday Evening',20,18),(1,'Sleepy Weepy Desiderium Thursday Evening',21,6),(1,'Sleepy Weepy Desiderium Thursday Evening',22,10),(1,'Sleepy Weepy Desiderium Thursday Evening',23,9),(1,'Sleepy Weepy Desiderium Thursday Evening',24,19),(1,'Sleepy Weepy Desiderium Thursday Evening',25,20),(1,'Sleepy Weepy Desiderium Thursday Evening',26,21),(1,'Sleepy Weepy Desiderium Thursday Evening',27,22),(1,'Sleepy Weepy Desiderium Thursday Evening',28,5),(1,'Sleepy Weepy Desiderium Thursday Evening',29,23),(1,'Sleepy Weepy Desiderium Thursday Evening',30,24),(1,'Sleepy Weepy Desiderium Thursday Evening',31,25),(1,'Sleepy Weepy Desiderium Thursday Evening',32,26),(1,'Sleepy Weepy Desiderium Thursday Evening',33,27),(1,'Sleepy Weepy Desiderium Thursday Evening',34,28),(1,'Sleepy Weepy Desiderium Thursday Evening',35,29),(1,'Sleepy Weepy Desiderium Thursday Evening',36,30),(1,'Sleepy Weepy Desiderium Thursday Evening',37,31),(1,'Sleepy Weepy Desiderium Thursday Evening',38,32),(1,'Sleepy Weepy Desiderium Thursday Evening',39,33),(1,'Sleepy Weepy Desiderium Thursday Evening',40,9),(1,'Sleepy Weepy Desiderium Thursday Evening',41,34),(1,'Sleepy Weepy Desiderium Thursday Evening',42,35),(1,'Sleepy Weepy Desiderium Thursday Evening',43,18),(1,'Sleepy Weepy Desiderium Thursday Evening',44,36),(1,'Sleepy Weepy Desiderium Thursday Evening',45,37),(1,'Sleepy Weepy Desiderium Thursday Evening',46,38),(1,'Sleepy Weepy Desiderium Thursday Evening',47,9),(1,'Sleepy Weepy Desiderium Thursday Evening',48,34),(1,'Sleepy Weepy Desiderium Thursday Evening',49,32),(1,'Sleepy Weepy Desiderium Thursday Evening',50,39),(2,'Emo Angst Wednesday Afternoon',51,40),(2,'Emo Angst Wednesday Afternoon',52,41),(2,'Emo Angst Wednesday Afternoon',53,42),(2,'Emo Angst Wednesday Afternoon',54,43),(2,'Emo Angst Wednesday Afternoon',55,44),(2,'Emo Angst Wednesday Afternoon',56,45),(2,'Emo Angst Wednesday Afternoon',57,46),(2,'Emo Angst Wednesday Afternoon',58,47),(2,'Emo Angst Wednesday Afternoon',59,48),(2,'Emo Angst Wednesday Afternoon',60,49),(2,'Emo Angst Wednesday Afternoon',61,43),(2,'Emo Angst Wednesday Afternoon',62,50),(2,'Emo Angst Wednesday Afternoon',63,46),(2,'Emo Angst Wednesday Afternoon',64,51),(2,'Emo Angst Wednesday Afternoon',65,43),(2,'Emo Angst Wednesday Afternoon',66,52),(2,'Emo Angst Wednesday Afternoon',67,47),(2,'Emo Angst Wednesday Afternoon',68,46),(2,'Emo Angst Wednesday Afternoon',69,43),(2,'Emo Angst Wednesday Afternoon',70,53),(2,'Emo Angst Wednesday Afternoon',71,44),(2,'Emo Angst Wednesday Afternoon',72,54),(2,'Emo Angst Wednesday Afternoon',73,46),(2,'Emo Angst Wednesday Afternoon',74,43),(2,'Emo Angst Wednesday Afternoon',75,55),(2,'Emo Angst Wednesday Afternoon',76,56),(2,'Emo Angst Wednesday Afternoon',77,44),(2,'Emo Angst Wednesday Afternoon',78,57),(2,'Emo Angst Wednesday Afternoon',79,46),(2,'Emo Angst Wednesday Afternoon',80,50),(2,'Emo Angst Wednesday Afternoon',81,58),(2,'Emo Angst Wednesday Afternoon',82,59),(2,'Emo Angst Wednesday Afternoon',83,42),(2,'Emo Angst Wednesday Afternoon',84,54),(2,'Emo Angst Wednesday Afternoon',85,60),(2,'Emo Angst Wednesday Afternoon',86,50),(2,'Emo Angst Wednesday Afternoon',87,43),(2,'Emo Angst Wednesday Afternoon',88,61),(2,'Emo Angst Wednesday Afternoon',89,62),(2,'Emo Angst Wednesday Afternoon',90,57),(2,'Emo Angst Wednesday Afternoon',91,63),(2,'Emo Angst Wednesday Afternoon',92,64),(2,'Emo Angst Wednesday Afternoon',93,65),(2,'Emo Angst Wednesday Afternoon',94,66),(2,'Emo Angst Wednesday Afternoon',95,67),(2,'Emo Angst Wednesday Afternoon',96,68),(2,'Emo Angst Wednesday Afternoon',97,62),(2,'Emo Angst Wednesday Afternoon',98,69),(2,'Emo Angst Wednesday Afternoon',99,70),(2,'Emo Angst Wednesday Afternoon',100,71),(3,'Happy Indie Surf Crush Wednesday Night',101,72),(3,'Happy Indie Surf Crush Wednesday Night',102,73),(3,'Happy Indie Surf Crush Wednesday Night',103,74),(3,'Happy Indie Surf Crush Wednesday Night',104,75),(3,'Happy Indie Surf Crush Wednesday Night',105,76),(3,'Happy Indie Surf Crush Wednesday Night',106,77),(3,'Happy Indie Surf Crush Wednesday Night',107,78),(3,'Happy Indie Surf Crush Wednesday Night',108,79),(3,'Happy Indie Surf Crush Wednesday Night',109,80),(3,'Happy Indie Surf Crush Wednesday Night',110,81),(3,'Happy Indie Surf Crush Wednesday Night',111,82),(3,'Happy Indie Surf Crush Wednesday Night',112,83),(3,'Happy Indie Surf Crush Wednesday Night',113,84),(3,'Happy Indie Surf Crush Wednesday Night',114,85),(3,'Happy Indie Surf Crush Wednesday Night',115,79),(3,'Happy Indie Surf Crush Wednesday Night',116,86),(3,'Happy Indie Surf Crush Wednesday Night',117,81),(3,'Happy Indie Surf Crush Wednesday Night',118,87),(3,'Happy Indie Surf Crush Wednesday Night',119,88),(3,'Happy Indie Surf Crush Wednesday Night',120,89),(3,'Happy Indie Surf Crush Wednesday Night',121,90),(3,'Happy Indie Surf Crush Wednesday Night',122,91),(3,'Happy Indie Surf Crush Wednesday Night',123,92),(3,'Happy Indie Surf Crush Wednesday Night',124,78),(3,'Happy Indie Surf Crush Wednesday Night',125,93),(3,'Happy Indie Surf Crush Wednesday Night',126,80),(3,'Happy Indie Surf Crush Wednesday Night',127,76),(3,'Happy Indie Surf Crush Wednesday Night',128,94),(3,'Happy Indie Surf Crush Wednesday Night',129,95),(3,'Happy Indie Surf Crush Wednesday Night',130,73),(3,'Happy Indie Surf Crush Wednesday Night',131,96),(3,'Happy Indie Surf Crush Wednesday Night',132,97),(3,'Happy Indie Surf Crush Wednesday Night',133,98),(3,'Happy Indie Surf Crush Wednesday Night',134,99),(3,'Happy Indie Surf Crush Wednesday Night',135,100),(3,'Happy Indie Surf Crush Wednesday Night',136,101),(3,'Happy Indie Surf Crush Wednesday Night',137,92),(3,'Happy Indie Surf Crush Wednesday Night',138,102),(3,'Happy Indie Surf Crush Wednesday Night',139,103),(3,'Happy Indie Surf Crush Wednesday Night',140,104),(3,'Happy Indie Surf Crush Wednesday Night',141,105),(3,'Happy Indie Surf Crush Wednesday Night',142,106),(3,'Happy Indie Surf Crush Wednesday Night',143,107),(3,'Happy Indie Surf Crush Wednesday Night',144,92),(3,'Happy Indie Surf Crush Wednesday Night',145,99),(3,'Happy Indie Surf Crush Wednesday Night',146,108),(3,'Happy Indie Surf Crush Wednesday Night',147,109),(3,'Happy Indie Surf Crush Wednesday Night',148,110),(3,'Happy Indie Surf Crush Wednesday Night',149,111),(3,'Sunshine Balinese Monday Morning',150,112),(4,'Sunshine Balinese Monday Morning',151,113),(4,'Sunshine Balinese Monday Morning',152,114),(4,'Sunshine Balinese Monday Morning',153,115),(4,'Sunshine Balinese Monday Morning',154,116),(4,'Sunshine Balinese Monday Morning',155,117),(4,'Sunshine Balinese Monday Morning',156,118),(4,'Sunshine Balinese Monday Morning',157,119),(4,'Sunshine Balinese Monday Morning',158,120),(4,'Sunshine Balinese Monday Morning',159,121),(4,'Sunshine Balinese Monday Morning',160,122),(4,'Sunshine Balinese Monday Morning',161,123),(4,'Sunshine Balinese Monday Morning',162,124),(4,'Sunshine Balinese Monday Morning',163,125),(4,'Sunshine Balinese Monday Morning',164,126),(4,'Sunshine Balinese Monday Morning',165,120),(4,'Sunshine Balinese Monday Morning',166,114),(4,'Sunshine Balinese Monday Morning',167,127),(4,'Sunshine Balinese Monday Morning',168,128),(4,'Sunshine Balinese Monday Morning',169,129),(4,'Sunshine Balinese Monday Morning',170,130),(4,'Sunshine Balinese Monday Morning',171,131),(4,'Sunshine Balinese Monday Morning',172,120),(4,'Sunshine Balinese Monday Morning',173,132),(4,'Sunshine Balinese Monday Morning',174,133),(4,'Sunshine Balinese Monday Morning',175,119),(4,'Sunshine Balinese Monday Morning',176,134),(4,'Sunshine Balinese Monday Morning',177,135),(4,'Sunshine Balinese Monday Morning',178,136),(4,'Sunshine Balinese Monday Morning',179,137),(4,'Sunshine Balinese Monday Morning',180,138),(4,'Sunshine Balinese Monday Morning',181,139),(4,'Sunshine Balinese Monday Morning',182,140),(4,'Sunshine Balinese Monday Morning',183,141),(4,'Sunshine Balinese Monday Morning',184,142),(4,'Sunshine Balinese Monday Morning',185,143),(4,'Sunshine Balinese Monday Morning',186,113),(4,'Sunshine Balinese Monday Morning',187,114),(4,'Sunshine Balinese Monday Morning',188,144),(4,'Sunshine Balinese Monday Morning',189,145),(4,'Sunshine Balinese Monday Morning',190,146),(4,'Sunshine Balinese Monday Morning',191,130),(4,'Sunshine Balinese Monday Morning',192,147),(4,'Sunshine Balinese Monday Morning',193,120),(4,'Sunshine Balinese Monday Morning',194,148),(4,'Sunshine Balinese Monday Morning',195,149),(4,'Sunshine Balinese Monday Morning',196,150),(4,'Sunshine Balinese Monday Morning',197,151),(4,'Sunshine Balinese Monday Morning',198,119),(4,'Sunshine Balinese Monday Morning',199,152),(5,'Chill R&B Night Drive Wednesday Morning',201,153),(5,'Chill R&B Night Drive Wednesday Morning',202,154),(5,'Chill R&B Night Drive Wednesday Morning',203,155),(5,'Chill R&B Night Drive Wednesday Morning',204,156),(5,'Chill R&B Night Drive Wednesday Morning',205,157),(5,'Chill R&B Night Drive Wednesday Morning',206,158),(5,'Chill R&B Night Drive Wednesday Morning',207,159),(5,'Chill R&B Night Drive Wednesday Morning',208,160),(5,'Chill R&B Night Drive Wednesday Morning',209,155),(5,'Chill R&B Night Drive Wednesday Morning',210,161),(5,'Chill R&B Night Drive Wednesday Morning',211,162),(5,'Chill R&B Night Drive Wednesday Morning',212,163),(5,'Chill R&B Night Drive Wednesday Morning',213,164),(5,'Chill R&B Night Drive Wednesday Morning',214,165),(5,'Chill R&B Night Drive Wednesday Morning',215,153),(5,'Chill R&B Night Drive Wednesday Morning',216,166),(5,'Chill R&B Night Drive Wednesday Morning',217,167),(5,'Chill R&B Night Drive Wednesday Morning',218,168),(5,'Chill R&B Night Drive Wednesday Morning',219,169),(5,'Chill R&B Night Drive Wednesday Morning',220,170),(5,'Chill R&B Night Drive Wednesday Morning',221,171),(5,'Chill R&B Night Drive Wednesday Morning',222,172),(5,'Chill R&B Night Drive Wednesday Morning',223,173),(5,'Chill R&B Night Drive Wednesday Morning',224,174),(5,'Chill R&B Night Drive Wednesday Morning',225,175),(5,'Chill R&B Night Drive Wednesday Morning',226,176),(5,'Chill R&B Night Drive Wednesday Morning',227,177),(5,'Chill R&B Night Drive Wednesday Morning',229,178),(5,'Chill R&B Night Drive Wednesday Morning',230,179),(5,'Chill R&B Night Drive Wednesday Morning',231,168),(5,'Chill R&B Night Drive Wednesday Morning',232,180),(5,'Chill R&B Night Drive Wednesday Morning',233,171),(5,'Chill R&B Night Drive Wednesday Morning',234,78),(5,'Chill R&B Night Drive Wednesday Morning',235,155),(5,'Chill R&B Night Drive Wednesday Morning',236,166),(5,'Chill R&B Night Drive Wednesday Morning',237,181),(5,'Chill R&B Night Drive Wednesday Morning',238,182),(5,'Chill R&B Night Drive Wednesday Morning',239,183),(5,'Chill R&B Night Drive Wednesday Morning',240,153),(5,'Chill R&B Night Drive Wednesday Morning',241,73),(5,'Chill R&B Night Drive Wednesday Morning',242,166),(5,'Chill R&B Night Drive Wednesday Morning',243,156),(5,'Chill R&B Night Drive Wednesday Morning',244,184),(5,'Chill R&B Night Drive Wednesday Morning',245,185),(5,'Chill R&B Night Drive Wednesday Morning',246,153),(5,'Chill R&B Night Drive Wednesday Morning',247,186),(5,'Chill R&B Night Drive Wednesday Morning',248,187),(5,'Chill R&B Night Drive Wednesday Morning',249,188),(5,'Chill R&B Night Drive Wednesday Morning',102,73),(5,'Chill R&B Night Drive Wednesday Morning',130,73);

--
-- Dumping events for database 'spotify2'
--
/*!40103 SET TIME_ZONE=@OLD_TIME_ZONE */;

/*!40101 SET SQL_MODE=@OLD_SQL_MODE */;
/*!40014 SET FOREIGN_KEY_CHECKS=@OLD_FOREIGN_KEY_CHECKS */;
/*!40014 SET UNIQUE_CHECKS=@OLD_UNIQUE_CHECKS */;
/*!40101 SET CHARACTER_SET_CLIENT=@OLD_CHARACTER_SET_CLIENT */;
/*!40101 SET CHARACTER_SET_RESULTS=@OLD_CHARACTER_SET_RESULTS */;
/*!40101 SET COLLATION_CONNECTION=@OLD_COLLATION_CONNECTION */;
/*!40111 SET SQL_NOTES=@OLD_SQL_NOTES */;

-- Dump completed on 2025-04-23 14:40:01
